term,count
Chest,375
Consolidation,180
Male population group,155
Abnormally opaque structure (morphologic abnormality),150
Woman,134
Pulmonary artery pressure,128
Lung,125
Chest radiograph,111
Views lateral,85
Diagnostic radiologic examination,82
Coughing,80
Mediastinum,80
effusion,79
Heart,72
Basal segment of lung,65
"ORC3 protein, human",58
Lateral,48
Stomach,46
Coronal (qualifier value),39
X-Ray Computed Tomography,38
Infection,35
Anatomical base,31
Structure of carina,30
Chest Tubes,30
Pleura,30
Endotracheal aspiration,29
Lung Volumes,29
Nasogastric tube procedures,28
Physical Examination,27
Structure of hemidiaphragm,27
heart size,26
Edema,26
Pulmonary vascular congestion,25
Chest CT,24
Peripherally inserted central catheter (physical object),24
Clear,24
Peripherally Inserted Central Catheter Line Insertion,24
Abnormal degeneration,22
Structure of half of thorax lateral to midsagittal plane,22
Opacification,22
Respiratory Diaphragm,21
Thoracic spine structure,20
Structure of lower lobe of lung,18
Blunted,18
Infiltration,17
Nasogastric tube,17
Structure of left lower lobe of lung,16
Elevation,15
Hyperdistention,15
aeration,15
Hilar,15
Structure of right lower lobe of lung,14
12-lead electrocardiogram: interval change,14
Costophrenic angle,14
diagnostic procedure,14
Structure of upper lobe of lung,13
engorged,13
"Jugular, Internal",12
Structure of right upper lobe of lung,12
Chest wall structure,12
Thickening of pleura,12
Right atrial structure,12
Enlarged,12
Neck,11
Tortuosity,11
Views frontal,11
Tracheostomy tube,11
Port-A-Cath,11
Views PA & lateral,10
Pleural fluid,10
Evaluation,10
Right ventricular structure,10
Cicatrix,10
Thoracic aorta,10
Basilar,9
Subclavicular approach,9
Median Sternotomy,9
Vasculature of lung,9
Surgical Clips,9
Cardiac shadow viewed radiologically,9
Abdomen,9
Anterior chest wall structure,9
Abnormal mental state,9
Bone structure of clavicle,9
CT angiography of thorax with contrast,8
Obscure,8
Lesion,8
Bone structure of rib,8
Widening,8
catheter device,8
Weakness,7
findings aspects,7
HEART PROBLEM,7
Lung opacity,7
Hypoxia,7
Normal limits,7
Structure of apex of lung,7
INFECTIOUS PROCESS,7
Tube feeding of patient,7
Intravascular line,7
Structure of surface region of lateral chest wall,7
Nodular Opacity,7
Normal size,7
Tracheal Extubation,6
Structure of apex of heart,6
Mediastinal Emphysema,6
Vertebral column,6
Tip,6
Sepsis,6
Appearance,6
pulmonary edema interstitial,6
Acute pneumonia,6
Calcification,6
Tortuous,6
Changing,6
Hematoma,5
Cardiac border,5
pigtail catheters,5
Hyperemia,5
"Support, device",5
Structure of brachiocephalic vein,5
Esophagus,5
biomedical tube device,5
Therapeutic procedure,5
Structure of left upper lobe of lung,5
Biopsy,5
chest tube placement,5
Lead Device,5
Nodule,5
Pathological accumulation of air in tissues,5
Rotated,5
Rib 6,5
Skeletal bone,5
Calcinosis,5
Trachea,5
Aorta,5
Congestion,5
Structure of body of thoracic vertebra,4
drainage of pleura,4
Antibiotics,4
aVR,4
orogastric tube,4
View AP portable,4
Tension,4
Hemothorax,4
Coronary Artery Disease,4
Axilla,4
heart size normal,4
Does pull,4
Neoplasm Metastasis,4
PET/CT scan,4
Arteries,4
Peribronchial Cuffing,4
Rhonchi,4
"Plumbum metallicum, homeopathic preparation",4
Hilum,4
Spatial Displacement,4
Esophagogastric Junction,4
Intra-Aortic Balloon Pumping,4
Osteophyte,3
Mediastinal shift,3
Calcified (qualifier value),3
Lung consolidation,3
Reticular,3
Missing Value Reason,3
"Catheter, drainage",3
Multisection:Find:Pt:Abdomen+Pelvis:Doc:CT,3
Apical,3
Wiring of sternum,3
Dextroscoliosis,3
dual-chamber pacemaker (procedure),3
Prominent,3
Contour form,3
Fibrosis,3
Aortic arch structure,3
Deformity,3
Multiple Pulmonary Nodules,3
Evaluation Interval,3
Lower Extremity,3
Paroxysmal nocturnal dyspnea,3
View AP upright,3
Abnormal pleura morphology,3
Malignant neoplasm of breast,3
Joint structure of shoulder region,3
x-ray of chest: alveolar air bronchogram (procedure),3
Clip,3
Descending thoracic aorta,3
Zone of lung,3
Lung field,3
Heart Atrium,3
Symptoms,3
Bypass surgery,3
mediastinal lipomatosis,3
x-ray of toe: rotation deformity,3
Structure of middle lobe of right lung,3
Coronary artery stent (device),3
Right lower zone pneumonia,3
"Catheterization, Central Venous",3
Bronchial wall thickening,3
lobe,3
Descending aorta,3
Prominent vasculature,3
Views AP & lateral,3
Process,3
Coumadin,3
Structure of thoracic inlet,3
Interstitial marker,3
Density above reference range,3
Pulmonary Infiltrate,2
Transjugular intrahepatic portosystemic shunt (procedure),2
Acute pulmonary embolism,2
Central line placement,2
C5 innervation,2
size,2
Lateral projection,2
Vascular clip,2
Views portable,2
Neutropenia,2
Pneumocystis Infections,2
Fluid Therapy,2
Left lower zone pneumonia,2
Eventration,2
Replacement of ascending aorta,2
Pulmonary opacity,2
Lung Problem,2
Oxygen saturation measurement,2
Magnification,2
Administration Method - Infiltrate,2
PULMONARY PROCESS,2
placement of tube,2
Magnetic Resonance Imaging,2
Hemidiaphragm elevation,2
Elevated right hemidiaphragm,2
Steroids,2
infective pneumonia,2
Chest tube removal,2
Neoplasms,2
Nodule of lung,2
Study Terminated,2
Sclerosis,2
Major fissure,2
"Aneurysm, Ascending Aorta",2
"Thoracic Surgery, Video-Assisted",2
Bronchiolitis,2
Upper Extremity,2
diaphragm flattened,2
Hemodialysis catheter,2
Zone,2
Structure of subclavian vein,2
density,2
Drainage procedure,2
Structure of substernal region,2
Encephalopathies,2
Nasoduodenal feeding tube,2
Replacement of mitral valve (procedure),2
Breast,2
Discoid atelectasis,2
Pneumopericardium,2
Structure of right upper quadrant of abdomen,2
Lines - QueryQuantityUnit,2
Therapeutic diuresis,2
Supraclavicular approach,2
Trauma,2
Coils (formation),2
Hydropneumothorax,2
Dilatation of pulmonary artery (disorder),2
trach,2
Pneumoperitoneum,2
Tracheostomy procedure,2
Stenting,2
Malaise,2
Ventricle,2
Chest pressure,2
EMPHYSEMATOUS CHANGE,2
Swelling,2
Kidney Transplantation,2
Left ventricular structure,2
film - layer,2
Duodenum,2
Monitor Device,2
Edema:Find:Pt:^Patient:Ord,2
Granulomatous disorder,2
Calcified lymph nodes,2
Pulmonary arterial hypertension,2
Shoulder,2
View,2
Non-ST Elevated Myocardial Infarction,2
soft tissue,2
Dilated,2
CT of abdomen,2
Mass Effect,2
Calcified granuloma,2
Insertion of biliary stent,2
Finding,2
Basal,2
Replacement of aortic valve (procedure),2
Vascular stent,2
Left atrial structure,2
Plain x-ray,2
Has tingling sensation,2
Decrease in height,2
Bronchi,2
Pneumonia caused by methicillin susceptible Staphylococcus aureus,2
Hepatic calcification,1
Hypothermia (central) (local),1
diminution,1
Nerve,1
Views and PA,1
Basal pneumonia,1
Pericardial fat,1
Soft tissue lesion,1
View AP supine,1
Fatty deposition,1
Rod Photoreceptors,1
Fixation Wire,1
"Embolization, Therapeutic",1
levothyroxine,1
Coronary sinus structure,1
mycobacterial,1
Upper Respiratory Infections,1
View apical lordotic,1
Chin,1
Transplantation,1
Open,1
Contrast enhanced chest CT,1
Bone structure of thoracic vertebra,1
Flexed (finding),1
Mechanical Aortic Valve,1
Bone injury,1
Viral bronchitis,1
Febrile Neutropenia,1
Thoracolumbar vertebral column,1
Thickened,1
Apyrexial,1
Communicable Diseases,1
Aortic valve calcification,1
Hematocrit Measurement,1
Immunocompromised Host,1
"Hematoma, Subdural",1
Cholangitis,1
Chemoradiotherapy,1
Cystogastrostomy procedure,1
Levoscoliosis,1
Normal position,1
Breast tissue sample,1
ST segment elevation myocardial infarction,1
Bronchial Thermoplasty,1
Fat pad,1
Curly,1
Fungal,1
Structure of left upper quadrant of abdomen,1
Pleural scarring,1
Protein Component,1
Calcification of pleura,1
carmustine/cytarabine/etoposide/melphalan regimen,1
Enlargement (morphologic abnormality),1
Epigastrium,1
"Diagnostic, Therapeutic, and Research Equipment",1
Diffuse Large B-Cell Lymphoma,1
Intact,1
Digital slit-beam radiograph,1
Pulmonary hemorrhage,1
Azygos lobe of lung,1
Pulmonary venous hypertension,1
Percutaneous endoscopic tube,1
Chest imaging,1
Mitral valve prosthesis,1
Parenchymal consolidation,1
Thumb structure,1
"lung; disease, interstitial, with fibrosis",1
Pharyngeal structure,1
Bone structure of ninth rib,1
"Stylet, device",1
Repositioning (procedure),1
Extrapleural,1
Hypoxemic Respiratory Failure,1
Illness (finding),1
Superior vena cava structure,1
Loss (adaptation),1
Dissecting hemorrhage,1
Physical findings,1
Dressing of skin or wound,1
Abdomen not distended,1
Dental Retraction (procedure),1
Abdominal Fluid,1
Pleural cavity,1
Brown sputum,1
Pleural effusion associated with pulmonary infection,1
Height,1
Loculated,1
Tortuous aorta,1
Evaluable Disease,1
Clearing,1
interstitial,1
Lymphangitis carcinomatosa,1
Infectious Canine Hepatitis,1
Diabetic Ketoacidosis,1
consolidated,1
Cardiac Lymphoma,1
Partial lung resection,1
Cerclage wiring of fracture,1
effacement,1
Obstruction,1
Spur (body structure),1
Foot,1
Liver carcinoma,1
Upper,1
Resection of trachea,1
Bronchial stent,1
Highest,1
Radiodensity,1
Post,1
Aortic Aneurysm,1
Acromioclavicular joint structure,1
Interlobar bronchus,1
Esophageal tear,1
Bilateral pleural effusion,1
Thoracic outlet,1
Pectoral region structure,1
Veins,1
Thoracic scoliosis,1
PLZ4-coated Paclitaxel-loaded Micelle Formulation,1
Chronic Lymphocytic Leukemia,1
Pseudogout,1
6L,1
Pulmonary parenchymal infiltration,1
Dry,1
x-ray series of small bowel: air fluid levels,1
Basis - conceptual entity,1
Enlargement procedure,1
Volume,1
Flank (surface region),1
COPD exacerbation,1
Inflammation,1
Temperature,1
electrode,1
Heaviness in arm,1
Swelling of lower limb,1
Dialysis catheter,1
Structure of apex of right ventricle,1
Structure of anulus fibrosus of mitral orifice,1
portable x-ray of chest,1
"Pancreatitis, Acute",1
American Joint Committee on Cancer pNX,1
Bone structure of fifth rib,1
Partial Resection,1
Limb ischemia,1
azithromycin,1
Stria terminalis,1
Cervical spine,1
Surgical procedure on lumbar spine,1
Sputum production,1
Increased work of breathing,1
Septic embolus,1
Drain device,1
Pneumocystis jiroveci pneumonia,1
imaging studies,1
Azygos fissure,1
Medical Surveillance,1
Abdominal Abscess,1
Output.ileostomy,1
Midclavicular,1
Thymectomy,1
L1 innervation,1
Adenocarcinoma of pancreas,1
Heart Decompensation,1
Measures (attribute),1
external decompression,1
Carotid Arteries,1
No status change,1
Mildly enlarged,1
Qualitative Displacement,1
Structure of parenchyma of lung,1
Cough with fever,1
Mastectomy,1
Pleural plaque,1
Aortic tortuosity,1
Mediastinal Hemorrhage,1
Balloon pump,1
"Leukemia, Myelocytic, Acute",1
Wedge,1
Pelvis,1
Fibrothorax,1
Gastroparesis,1
heart; displacement,1
Antrum,1
Pseudocoarctation,1
Back surgery,1
Generator Dosage Form,1
Ventilated,1
Mucous plugging,1
Ejection fraction (procedure),1
CD4 Expressing Cell Count,1
Normal chest,1
Pathology procedure,1
examination of chest,1
Empty (qualifier),1
Tuberculosis,1
Chest clear,1
"Kidney Failure, Chronic",1
Precursor Cell Lymphoblastic Leukemia Lymphoma,1
Total body pain syndrome,1
Mitral Valve Prolapse Syndrome,1
Paratracheal,1
bilateral breast cancer,1
Cognitive Therapy,1
Stupor,1
Belly of skeletal muscle,1
Airway structure,1
Aortic arch calcification,1
Drug Overdose,1
Lung cyst,1
Views AP,1
5L,1
LVAD - Implantation of left ventricular assist device,1
Mitral valve endocarditis,1
Lesion of lung,1
Evaluates for hospital-acquired infection following the perioperative procedure,1
Central brand of multivitamin with minerals,1
Glioblastoma Multiforme,1
Hyperexpansion of the lungs,1
Left hemidiaphragm,1
Wall structure,1
Body Weight Changes,1
Morphologic artifact,1
Pulmonary vessels,1
On examination - heart normal (finding),1
Techniques,1
Fused structure,1
Influenza-like symptoms,1
Abnormal thorax morphology,1
Lateral occipitotemporal gyrus,1
Pulmonary artery structure,1
Radiation therapy (procedure),1
Irregular contour,1
Cervicothoracic region,1
Image Laterality,1
cisplatin/cyclophosphamide/doxorubicin/vindesine protocol,1
Thoracolumbar scoliosis,1
Biopsy of cervical lymph node,1
Surgical and medical procedures,1
"Aortic Aneurysm, Thoracic",1
Tortuosity of thoracic aorta,1
Merkel cell carcinoma,1
Pigtail Drain,1
Port Catheters,1
Reduced diffusion capacity,1
Pneumonitis,1
Aneurysm,1
Abnormality of the skeletal system,1
Expanding,1
Subcutaneous air,1
Cross-sectional imaging,1
Feeling abnormal,1
Disease Management,1
Debridement,1
Dysfunction of papillary muscle,1
Acute myocardial infarction,1
New medications,1
Upper gastrointestinal hemorrhage,1
ACUTE INSULIN RESPONSE,1
Distention,1
Views 2,1
Body of stomach,1
Lysis,1
Metastatic Lesion,1
Similarity,1
Air leakage,1
Fractured transverse process,1
L4 Segmental Innervation,1
L3 innervation,1
L2 innervation,1
Cavitation,1
Body of vertebra,1
Methicillin resistant Staphylococcus aureus infection,1
Sore to touch,1
Repair of hip,1
Mental Depression,1
Upper respiratory symptom,1
Calcification of the aorta,1
Cardia of stomach,1
Blindness,1
Midline (qualifier value),1
Trachea displaced,1
Compression fracture,1
Compensatory hyperexpansion,1
Assessment: Infection,1
Structure of head of humerus,1
Sweating,1
Assessed,1
Myotonic Dystrophy,1
Prosthesis Implantation,1
fibrotic,1
