study_id,accuracy,accuracy_normalized,is_shuffled,num_extracted_concepts,with_keywords_comet_score,without_keywords_comet_score,comet-score_delta,with_keywords_gemba_score,without_keywords_gemba_score,gemba
s53790772,1,1,TRUE,45,0.575670183,0.629600525,-0.053930342,10,12,-2
s50908403,0,0,FALSE,41,0.61731565,0.726693273,-0.109377623,2,5,-3
s50598160,1,-1,FALSE,38,0.705824733,0.706127048,-0.000302315,5,10,-5
s53903088,-5,-5,TRUE,54,0.069759548,0.567314088,-0.497554541,5,5,0
s52069541,-1,-1,TRUE,33,0.689393282,0.722387791,-0.032994509,3,2,1
s51156464,2,2,TRUE,30,0.639245629,0.650138259,-0.01089263,15,0,15
s59183958,-2,2,FALSE,21,0.672624171,0.714733183,-0.042109013,5,0,5
s50403710,-1,-1,TRUE,33,0.627682388,0.648059189,-0.020376801,0,12,-12
s57225269,2,-2,FALSE,57,0.669832587,0.686078668,-0.01624608,5,2,3
s54934220,-1,1,FALSE,35,0.625845909,0.667314053,-0.041468143,2,35,-33
s51134115,0,0,FALSE,109,0.435528785,0.459619373,-0.024090588,12,5,7
s59470694,1,1,TRUE,28,0.606080234,0.708793759,-0.102713525,48,21,27
s52773577,0,0,TRUE,75,0.682441235,0.609923959,0.072517276,12,20,-8
s54862561,0,0,FALSE,40,0.66311276,0.645277023,0.017835736,15,8,7
s53110643,0,0,TRUE,40,0.59555769,0.56687969,0.028678,15,25,-10
s58589339,-2,2,FALSE,63,0.646705389,0.657129407,-0.010424018,5,85,-80
s50919214,-2,2,FALSE,43,0.736296773,0.619603753,0.11669302,92,45,47
s51882599,0,0,FALSE,46,0.496114314,0.580610394,-0.084496081,5,15,-10
s53918628,0,0,TRUE,47,0.654806972,0.659271657,-0.004464686,85,55,30
s55774687,0,0,TRUE,29,0.695838511,0.763430595,-0.067592084,2,10,-8
s57051117,0,0,FALSE,38,0.65088135,0.640405774,0.010475576,15,2,13
s51210979,0,0,TRUE,63,0.68843466,0.684590578,0.003844082,45,5,40
s55593730,-1,1,FALSE,47,0.581173182,0.664897919,-0.083724737,12,5,7
s56877386,1,-1,FALSE,74,0.623266816,0.609335899,0.013930917,15,30,-15
s51992175,0,0,FALSE,53,0.735383689,0.629762352,0.105621338,15,5,10
s58102795,-1,-1,TRUE,45,0.592476666,0.701895952,-0.109419286,15,2,13
s59382272,0,0,FALSE,62,0.753952742,0.724676967,0.029275775,0,24,-24
s52780896,-1,1,FALSE,51,0.625592351,0.634554863,-0.008962512,5,12,-7
s53902362,0,0,FALSE,49,0.692222357,0.653295457,0.038926899,12,12,0
s53419340,-2,2,FALSE,54,0.600127161,0.62243098,-0.02230382,0,78,-78
s51553316,-1,-1,TRUE,52,0.719688296,0.627839327,0.091848969,5,78,-73
s56128951,0,0,TRUE,73,0.757465959,0.763446093,-0.005980134,5,8,-3
s50082466,0,0,TRUE,40,0.682972848,0.763541818,-0.080568969,5,5,0
s54650268,0,0,TRUE,49,0.676167011,0.706055045,-0.029888034,2,10,-8
s59130316,1,1,TRUE,34,0.622003317,0.647233248,-0.025229931,12,3,9
s50615342,-2,2,FALSE,81,0.685688019,0.736197233,-0.050509214,12,10,2
s53205721,1,-1,FALSE,66,0.640045166,0.672697186,-0.03265202,35,2,33
s56275705,2,-2,FALSE,49,0.629676104,0.682783604,-0.0531075,2,5,-3
s59761580,1,1,TRUE,34,0.686340451,0.68721652,-0.000876069,3,2,1
s52624706,0,0,FALSE,37,0.738860369,0.665890276,0.072970092,0,12,-12
s50898556,0,0,FALSE,80,0.373192728,0.443592489,-0.070399761,5,2,3
s57671514,-2,2,FALSE,68,0.647051811,0.641735435,0.005316377,12,25,-13
s51578720,0,0,FALSE,33,0.660851479,0.494901896,0.165949583,0,5,-5
s58052715,1,-1,FALSE,72,0.663138628,0.70473659,-0.041597962,12,2,10
s56019306,4,4,TRUE,54,0.629101276,0.562130153,0.066971123,5,2,3
s54819095,5,-5,FALSE,62,0.512004554,0.490156621,0.021847934,5,12,-7
s51894075,0,0,FALSE,51,0.666009307,0.673499644,-0.007490337,12,30,-18
s56174054,0,0,FALSE,41,0.622544646,0.647167385,-0.024622738,10,12,-2
s55801454,-1,-1,TRUE,36,0.616745353,0.579434991,0.037310362,2,15,-13
s50856342,0,0,FALSE,58,0.726497293,0.669185519,0.057311773,15,18,-3
s59742497,0,0,TRUE,53,0.639368534,0.663477302,-0.024108768,15,30,-15
s59573762,0,0,TRUE,52,0.676442921,0.648314357,0.028128564,10,78,-68
s53797613,2,2,TRUE,39,0.631389499,0.592988849,0.03840065,15,2,13
s58181169,0,0,FALSE,60,0.655524254,0.602730155,0.052794099,78,48,30
s56835420,-5,5,FALSE,68,0.466619223,0.47600776,-0.009388536,45,15,30
s50453240,0,0,TRUE,85,0.620005488,0.658172011,-0.038166523,15,10,5
s50994822,3,3,TRUE,34,0.75004518,0.588704109,0.161341071,2,2,0
s56216474,1,-1,FALSE,59,0.660337448,0.699721456,-0.039384007,65,10,55
s53783554,0,0,FALSE,63,0.567254901,0.634713531,-0.06745863,45,12,33
s53450119,0,0,TRUE,54,0.711706519,0.707223892,0.004482627,55,68,-13
s57714295,0,0,TRUE,46,0.757895708,0.754419208,0.003476501,0,25,-25
s55806764,0,0,FALSE,30,0.620284021,0.667040586,-0.046756566,5,2,3
s56417610,0,0,TRUE,56,0.684132338,0.674022794,0.010109544,15,5,10
s56098773,-1,1,FALSE,25,0.681697011,0.650384665,0.031312346,5,10,-5
s59544991,0,0,FALSE,78,0.438765466,0.488695145,-0.049929678,45,15,30
s57737942,1,-1,FALSE,47,0.734253049,0.665351987,0.068901062,30,30,0
s50783013,-1,-1,TRUE,35,0.661198497,0.647587478,0.013611019,15,30,-15
s56858695,-1,1,FALSE,54,0.557542562,0.607520938,-0.049978375,15,78,-63
s52735152,2,-2,FALSE,55,0.486684352,0.505169094,-0.018484741,30,2,28
s52472265,2,-2,FALSE,31,0.644852519,0.674770117,-0.029917598,0,12,-12
s55217119,1,-1,FALSE,32,0.678744197,0.60494101,0.073803186,12,5,7
s52725256,0,0,TRUE,52,0.778111279,0.730591118,0.047520161,12,5,7
s55131760,-2,-2,TRUE,36,0.700551033,0.672210634,0.028340399,30,2,28
s57132292,-4,4,FALSE,40,0.677739501,0.567805946,0.109933555,2,2,0
s59128018,4,4,TRUE,74,0.48110044,0.556030869,-0.074930429,12,12,0
s54614499,0,0,TRUE,33,0.679571629,0.628118753,0.051452875,55,35,20
s57634634,1,1,TRUE,71,0.631405473,0.61789012,0.013515353,5,5,0
s51376574,-1,1,FALSE,76,0.620239854,0.602562308,0.017677546,12,25,-13
s53917214,0,0,FALSE,36,0.555324554,0.58493185,-0.029607296,0,15,-15
s53373983,0,0,FALSE,41,0.675245404,0.676035821,-0.000790417,5,5,0
s56825548,1,1,TRUE,33,0.735617042,0.743653059,-0.008036017,5,12,-7
s51599067,1,1,TRUE,54,0.714592218,0.682764649,0.031827569,85,5,80
s51513309,0,0,FALSE,44,0.648490071,0.637205124,0.011284947,5,2,3
s54405868,0,0,FALSE,43,0.689166188,0.655455709,0.03371048,2,30,-28
s53309985,-2,2,FALSE,49,0.735482514,0.763438702,-0.027956188,5,30,-25
s54651514,1,1,TRUE,39,0.588616848,0.664482236,-0.075865388,15,5,10
s59480439,0,0,FALSE,14,0.611688137,0.633577466,-0.021889329,5,0,5
s59860843,-1,-1,TRUE,33,0.680626929,0.716240108,-0.035613179,10,5,5
s59724022,-1,1,FALSE,39,0.717002213,0.65595758,0.061044633,2,5,-3
s54073611,1,-1,FALSE,49,0.584423304,0.626929879,-0.042506576,,0,
s50619062,0,0,TRUE,45,0.692729115,0.662163913,0.030565202,12,20,-8
s54154227,2,2,TRUE,49,0.558512509,0.668962955,-0.110450447,10,78,-68
s52870261,-2,-2,TRUE,76,0.679674029,0.669034481,0.010639548,12,2,10
s52332731,-2,2,FALSE,66,0.640803099,0.642077029,-0.00127393,12,5,7
s51044207,-1,1,FALSE,37,0.720783591,0.611077666,0.109705925,15,10,5
s57424165,0,0,TRUE,145,0.311335593,0.293948948,0.017386645,5,30,-25
s58930681,-2,-2,TRUE,132,0.265290469,0.242867023,0.022423446,10,10,0
s51743515,1,1,TRUE,60,0.738196552,0.727990866,0.010205686,15,15,0
s50463244,-3,-3,TRUE,79,0.325097978,0.243951648,0.08114633,5,12,-7
s54787767,0,0,TRUE,46,0.64403677,0.699457288,-0.055420518,55,15,40
s54579619,-1,-1,TRUE,39,0.644073904,0.659240723,-0.015166819,12,0,12
s55976614,0,0,TRUE,41,0.664066195,0.71581614,-0.051749945,20,92,-72
s56163913,-1,1,FALSE,43,0.631154001,0.628060222,0.003093779,94,15,79
s54523750,2,2,TRUE,30,0.599704623,0.580566287,0.019138336,12,5,7
s58021359,-2,-2,TRUE,47,0.642783105,0.578948855,0.06383425,2,15,-13
s52183245,0,0,TRUE,18,0.64100492,0.603897929,0.037106991,5,10,-5
s56646381,0,0,FALSE,87,0.669051886,0.599655569,0.069396317,85,2,83
s58895583,-2,2,FALSE,48,0.707522154,0.688490391,0.019031763,55,5,50
s59728102,0,0,TRUE,81,0.633414626,0.621590972,0.011823654,2,0,2
s52979607,0,0,FALSE,46,0.614601254,0.666457355,-0.051856101,15,10,5
s55262522,2,2,TRUE,41,0.720244288,0.725621819,-0.005377531,0,5,-5
s56626600,0,0,FALSE,35,0.75012213,0.724688292,0.025433838,5,5,0
s50752069,0,0,TRUE,42,0.505787492,0.627231956,-0.121444464,10,35,-25
s51953863,0,0,TRUE,51,0.621297717,0.603275716,0.018022001,70,12,58
s53794212,-1,-1,TRUE,40,0.674946308,0.666596293,0.008350015,0,30,-30
s52551347,0,0,FALSE,49,0.659530818,0.611391425,0.048139393,0,12,-12
s53811464,0,0,TRUE,44,0.743666768,0.700174868,0.0434919,45,0,45
s56842514,0,0,FALSE,59,0.719823599,0.723362565,-0.003538966,15,25,-10
s59465936,1,1,TRUE,29,0.594376802,0.601123929,-0.006747127,10,5,5
s50666238,2,-2,FALSE,58,0.687490225,0.700387239,-0.012897015,25,5,20
s52594623,0,0,FALSE,49,0.73309809,0.6784513,0.05464679,78,5,73
s59323074,1,-1,FALSE,41,0.492584467,0.577871621,-0.085287154,5,2,3
s58314903,2,2,TRUE,45,0.75995338,0.704740644,0.055212736,15,2,13
s52230488,0,0,FALSE,37,0.641986847,0.713327408,-0.071340561,2,15,-13
s57039789,0,0,FALSE,42,0.714430809,0.693999529,0.02043128,15,5,10
s52311278,0,0,TRUE,47,0.588980317,0.580923915,0.008056402,5,35,-30
s55034771,0,0,FALSE,58,0.658140779,0.681313097,-0.023172319,22,3,19
s54036079,0,0,TRUE,34,0.730819106,0.781134248,-0.050315142,15,5,10
s51308514,0,0,TRUE,34,0.724552751,0.682315171,0.04223758,30,2,28
s53037980,-1,1,FALSE,38,0.772240281,0.657992125,0.114248157,12,2,10
s54143285,-3,3,FALSE,36,0.622189522,0.361002564,0.261186957,5,5,0
s52899741,2,-2,FALSE,100,0.368255436,0.477168977,-0.108913541,12,15,-3
s54869911,0,0,FALSE,44,0.670163989,0.702608705,-0.032444715,45,2,43
s50696269,0,0,FALSE,36,0.721289039,0.691516995,0.029772043,0,15,-15
s50732605,0,0,TRUE,33,0.743377626,0.725650549,0.017727077,5,5,0
s58662319,2,-2,FALSE,39,0.617107272,0.605283141,0.011824131,20,12,8
s50273751,1,-1,FALSE,63,0.500085473,0.613173366,-0.113087893,5,15,-10
s54085368,0,0,FALSE,43,0.723549724,0.697116613,0.02643311,0,5,-5
s57547828,-1,1,FALSE,35,0.6540308,0.596673012,0.057357788,5,5,0
s55244911,2,2,TRUE,51,0.666952372,0.495403647,0.171548724,55,10,45
s52902003,0,0,TRUE,27,0.677113831,0.703421235,-0.026307404,78,10,68
s54340462,1,1,TRUE,110,0.501708686,0.460851103,0.040857583,85,15,70
s56071333,1,1,TRUE,46,0.699337959,0.686781645,0.012556314,10,5,5
s58174737,0,0,FALSE,55,0.731866956,0.755425096,-0.02355814,5,10,-5
s56007331,-1,-1,TRUE,37,0.555069804,0.619251311,-0.064181507,2,5,-3
s53150132,1,-1,FALSE,45,0.768969059,0.686336815,0.082632244,30,15,15
s57035532,0,0,FALSE,46,0.697891831,0.665389121,0.032502711,30,2,28
s53166641,0,0,FALSE,44,0.629882813,0.644245625,-0.014362812,2,2,0
s56675054,2,2,TRUE,73,0.619781375,0.659219623,-0.039438248,2,8,-6
s57276045,0,0,TRUE,55,0.485187709,0.63983947,-0.154651761,30,5,25
s52712135,0,0,FALSE,82,0.664121151,0.621760011,0.04236114,15,10,5
s51964835,-1,1,FALSE,44,0.660962105,0.659044743,0.001917362,10,10,0
s52371947,0,0,FALSE,46,0.653117537,0.586589158,0.06652838,55,30,25
s56478460,1,-1,FALSE,46,0.610029817,0.697115421,-0.087085605,2,5,-3
s59359037,1,-1,FALSE,36,0.624274015,0.625684917,-0.001410902,60,30,30
s59621407,0,0,TRUE,46,0.59386915,0.590737343,0.003131807,55,5,50
s50003359,-4,4,FALSE,42,0.708566904,0.652588546,0.055978358,0,30,-30
s57147856,0,0,TRUE,70,0.689021826,0.631966829,0.057054996,45,5,40
s57625886,0,0,TRUE,55,0.653825164,0.671986103,-0.018160939,20,78,-58
s52448176,-2,-2,TRUE,48,0.610585928,0.681208253,-0.070622325,25,20,5
s58095046,0,0,FALSE,68,0.723687768,0.715178251,0.008509517,2,15,-13
s52406428,1,1,TRUE,41,0.548459053,0.638009787,-0.089550734,2,5,-3
s53412578,1,-1,FALSE,38,0.64482677,0.684509933,-0.039683163,15,2,13
s52569397,0,0,TRUE,39,0.740940213,0.698326707,0.042613506,0,5,-5
s50419155,0,0,FALSE,85,0.759888053,0.733032703,0.02685535,5,10,-5
s54856107,-1,1,FALSE,44,0.691179514,0.629962325,0.061217189,0,58,-58
s52987770,0,0,TRUE,31,0.701192796,0.64315021,0.058042586,2,10,-8
s58995214,0,0,TRUE,31,0.669294,0.672661543,-0.003367543,10,10,0
s57409773,0,0,FALSE,54,0.713836312,0.726719499,-0.012883186,5,30,-25
s56840358,-3,3,FALSE,50,0.54994607,0.423198253,0.126747817,15,5,10
s50154787,0,0,TRUE,41,0.665407538,0.710777879,-0.04537034,2,30,-28
s51037294,1,-1,FALSE,90,0.646145582,0.599534512,0.046611071,20,12,8
s50093179,0,0,TRUE,38,0.764581323,0.682643414,0.081937909,0,2,-2
s57830675,-1,-1,TRUE,37,0.642756343,0.516663671,0.126092672,85,15,70
s58908543,0,0,FALSE,30,0.635993719,0.614991367,0.021002352,5,12,-7
s52622898,-2,2,FALSE,26,0.538164377,0.644979,-0.106814623,12,10,2
s54712253,2,2,TRUE,65,0.705073833,0.66637373,0.038700104,20,30,-10
s55715555,0,0,FALSE,25,0.727562428,0.645195603,0.082366824,2,2,0
s56217740,1,1,TRUE,25,0.529279768,0.514457822,0.014821947,15,45,-30
s58474656,0,0,TRUE,47,0.574254155,0.575196922,-0.000942767,45,12,33
s55357297,2,2,TRUE,63,0.577529848,0.619615078,-0.04208523,10,35,-25
s53378935,0,0,FALSE,45,0.690468192,0.636986196,0.053481996,2,85,-83
s55879474,-1,1,FALSE,45,0.7397331,0.639533281,0.100199819,30,5,25
s57086739,0,0,FALSE,63,0.652122855,0.640032053,0.012090802,5,3,2
s59501539,0,0,FALSE,64,0.680537462,0.675417304,0.005120158,12,10,2
s53974720,-2,-2,TRUE,50,0.701488674,0.737461925,-0.035973251,5,25,-20
s56366133,0,0,FALSE,49,0.6949265,0.723692,-0.0287655,10,12,-2
s57339313,2,2,TRUE,71,0.653634608,0.636109352,0.017525256,2,2,0
s55385808,2,2,TRUE,46,0.523880303,0.517980933,0.00589937,30,5,25
s59483329,1,-1,FALSE,53,0.648038745,0.690325201,-0.042286456,12,15,-3
s56145255,2,2,TRUE,49,0.680954337,0.638604045,0.042350292,92,3,89
s51664282,0,0,TRUE,22,0.677659273,0.659693301,0.017965972,3,5,-2
s55375463,4,4,TRUE,69,0.636243522,0.620329738,0.015913785,25,45,-20
s53952031,0,0,TRUE,41,0.73278892,0.697397351,0.035391569,20,10,10
s53258426,0,0,FALSE,27,0.700534582,0.66066587,0.039868712,5,2,3
s55899977,-2,2,FALSE,77,0.647820413,0.589496076,0.058324337,45,8,37
s56381341,2,2,TRUE,26,0.666118622,0.691007257,-0.024888635,12,15,-3
s58193110,0,0,FALSE,45,0.493445843,0.582221389,-0.088775545,15,30,-15
s51777166,0,0,TRUE,120,0.463487595,0.524435163,-0.060947567,2,10,-8